{"cameraMode":{"drawMode":0,"name":"Shaded","section":"Shading Mode"},"sceneLighting":true,"audioPlay":false,"sceneViewState":{"m_AlwaysRefresh":false,"showFog":true,"showSkybox":true,"showFlares":true,"showImageEffects":true,"showParticleSystems":true,"showVisualEffectGraphs":true,"m_FxEnabled":true},"in2DMode":false,"pivot":{"x":21.145322799682618,"y":-6.2737555503845219,"z":-9.986679077148438},"rotation":{"x":0.07994695752859116,"y":0.8621594309806824,"z":-0.14383526146411897,"w":0.47920504212379458},"size":13.455817222595215,"orthographic":false}